idx,source_dataset,image_id,question,gt,prediction,mean_logprob,latency_ms,tokens
0,vqav2,262148000,Where is he looking?,"['down', 'down', 'at table', 'skateboard', 'down', 'table', 'down', 'down', 'down', 'down']","The person in the image appears to be looking down at the skateboard, likely focusing on the trick they are performing.",-0.3928774112374177,2226.8,27
1,vqav2,262148001,What are the people in the background doing?,"['spectating', 'watching', 'watching', 'watching', 'watching', 'watching', 'watching', 'watching', 'watching', 'watching']","In the background, there is a group of people who appear to be spectators. They are watching the skateboarder perform a trick on the bench. The setting looks like an outdoor event or gathering where skateboarding is being showcased or practiced. The spectators are standing and observing the",-0.4575056885330664,2376.4,64
2,vqav2,262148002,What is he on top of?,"['table', 'table', 'table', 'picnic table', 'picnic table', 'picnic table', 'picnic table', 'picnic table', 'skateboard', 'picnic table']",The person in the image is performing a skateboard trick on top of a wooden bench.,-0.2701733806991667,906.8,21
3,vqav2,393225000,What website copyrighted the picture?,"['foodiebakercom', 'foodiebakercom', 'foodiebaker', 'foodiebakercom', 'foodiebakercom', 'http://foodiebakercom', 'foodiebakercom', 'foodiebakercom', 'foodiebakercom', 'foodiebaker']","The picture is copyrighted by ""Foodie Baker,"" as indicated by the text in the image.",-0.3007837819139873,948.6,23
4,vqav2,393225001,Is this a creamy soup?,"['no', 'no', 'no', 'no', 'no', 'no', 'no', 'no', 'no', 'no']","The image shows a bowl of soup that appears to be a type of Asian noodle soup, possibly a variation of ramen or pho. The soup is not creamy; it looks like a clear broth with ingredients such as noodles, sliced meat, and vegetables like carrots and on",-0.39017688518932303,2303.3,64
5,vqav2,393225002,Is this rice noodle soup?,"['yes', 'yes', 'yes', 'yes', 'yes', 'yes', 'yes', 'yes', 'yes', 'yes']","Yes, the dish in the image appears to be a bowl of rice noodle soup, also known as pho ga in Vietnamese cuisine. It includes ingredients such as rice noodles, shrimp, and possibly other meats or toppings, all served in a flavorful broth",-0.38060747067858536,2300.6,64
6,vqav2,393225003,What is to the right of the soup?,"['chopsticks', 'chopsticks', 'chopsticks', 'chopsticks', 'chopsticks', 'shrimp', 'chopsticks', 'chopsticks', 'chopsticks', 'chopsticks spoon']","To the right of the soup, there is a small bowl with a floral design, which appears to be a spoon rest.",-0.3628993257750283,1105.1,28
7,vqav2,393226000,What is the man doing in the street?,"['crossing it', 'walking', 'walking', 'crossing', 'crossing road', 'walking', 'crossing', 'walking', 'crossing', 'walking']","The man in the street appears to be crossing it. He is walking in the crosswalk, which is a designated area for pedestrians to cross the road safely. It's important for pedestrians to use crosswalks when available to ensure their safety and to follow traffic rules.",-0.3972059091966329,2210.6,61
8,vqav2,393226001,How many photo's can you see?,"['1', '1', '4', '4', '4', '1', '1', '4', '1', '1']","I can see one photo in this image. It shows a street scene with a food truck, a pedestrian, and a vehicle.",-0.5157427071866362,1160.0,29
9,vqav2,393226002,What does the truck on the left sell?,"['ice cream', 'ice cream', 'ice cream', 'ice cream', 'ice cream', 'ice cream', 'ice cream', 'ice cream', 'ice cream', 'ice cream']","The truck on the left appears to be a mobile ice cream or frozen treat vendor. It has a sign that says ""SLOW"" and ""Mister Softee,"" which are well-known brands for ice cream trucks. The truck is also decorated with various images and text that are likely to advertise the products it",-0.5437119510687864,2309.9,64
10,vqav2,240301000,Why is there a gap between the roof and wall?,"['ventilation', 'provide air', 'to air out barn from stinky bovines', 'keep cow safe', 'airflow', 'to let sunlight in', 'yes', 'yes', 'for air', 'air']","The gap between the roof and wall in the image is likely due to the design of the building. This type of structure is often used for agricultural purposes, such as housing livestock like cows. The gap serves several purposes:

1. Ventilation: The gap allows for air circulation, which helps to",-0.393572735212274,2353.7,64
11,vqav2,240301001,Is it daylight in this picture?,"['yes', 'yes', 'yes', 'yes', 'yes', 'yes', 'yes', 'yes', 'yes', 'yes']","Yes, it appears to be daylight in the picture. The lighting suggests natural light, which is typical for daytime.",-0.28889160941087166,1105.9,27
12,vqav2,240301002,Why is the cow laying down?,"['tired', 'tired', '4', 'resting', 'tired', 'tired', 'resting', 'tired', ""it's tired"", 'tired']","The cow in the image is laying down because it is resting. Cows, like many animals, lie down to rest and ruminate, which is a process of regurgitating and re-chewing their food. This behavior is common among ruminant animals, including cows, as it helps them break down",-0.45829460111224307,2317.0,64
13,vqav2,131089000,What color is the grass in this picture?,"['gray', 'green', 'green', 'black, white', 'green', 'gray', 'green', 'brown', 'gray', 'green']","The grass in the picture appears to be a shade of green, which is typical for grass.",-0.3245223368865568,889.7,21
14,vqav2,131089001,Did the batter hit the ball?,"['no', 'no', 'no', 'yes', 'yes', 'yes', 'yes', 'yes', 'no', 'yes']","In the image, it appears that the batter has just swung at the ball, but it's not clear if they made contact with it. The position of the bat and the ball is consistent with the batter having just swung, but the outcome of the swing is not visible in the photo.",-0.4540061286936,2230.0,61
15,vqav2,131089002,How many are playing ball?,"['1', '1', '1', '1', '1', '1', '1', '1', '1', 'boy']",There is one person playing ball in the image.,-0.20040801267608307,591.9,12
16,vqav2,131089003,Is there a chain link fence in the image?,"['no', 'no', 'no', 'no', 'no', 'no', 'no', 'no', 'no', 'no']","No, there is no chain link fence in the image. The fence in the background is a wooden picket fence.",-0.2146823962611524,1058.9,26
17,vqav2,131089004,Is the boy playing baseball?,"['yes', 'yes', 'yes', 'yes', 'yes', 'yes', 'yes', 'yes', 'yes', 'yes']","Yes, the boy in the image appears to be playing baseball. He is holding a baseball bat and is in a stance that suggests he is either preparing to swing or has just swung at a ball. The setting looks like a backyard or a park, which is a common place for informal baseball games.",-0.2554867709545974,2289.4,64
18,vqav2,262162000,Is that a folding chair?,"['no', 'no', 'no', 'no', 'no', 'no', 'no', 'no', 'no', 'no']","Yes, the chair in the image appears to be a folding chair. It has a simple design with a backrest and armrests, and it can be folded up for easy storage.",-0.4275648726399772,1573.9,41
19,vqav2,262162001,How many beds?,"['1', '1', '1', '1', '1', '1', '10', '1', '1', '1']",There is one bed visible in the image.,-0.14627648080047287,581.7,11
